{"3442": [0.027508804933958242, 0.045128393774362729, 0.0], "7294": [-0.013332677193295117, 0.052891319084816812, 0.0]}